"903","Zenaida","102","1","gravida@Integerinmagna.co.uk","Navarro","33"
"95","Patrick","110","303","lorem.ipsum@interdumCurabitur.co.uk","Dean","79"
"95","Patrick","110","503","lorem.ipsum@interdumCurabitur.co.uk","Dean","79"
"1393","Patrick","101","9","lorem.ipsum@interdumCurabitur.co.uk","Dean","79"
"95","Patrick","110","403","lorem.ipsum@interdumCurabitur.co.uk","Dean","79"
"95","Akeem","110","509","orci.Donec.nibh@sedleoCras.co.uk","Estes","61"
"1989","Mechelle","101","12","aliquet.diam@quamvelsapien.co.uk","Mccray","39"
"95","Akeem","110","309","orci.Donec.nibh@sedleoCras.co.uk","Estes","61"
"95","Patrick","110","103","lorem.ipsum@interdumCurabitur.co.uk","Dean","79"
"95","Patrick","110","203","lorem.ipsum@interdumCurabitur.co.uk","Dean","79"
"95","Akeem","110","409","orci.Donec.nibh@sedleoCras.co.uk","Estes","61"
"95","Akeem","110","109","orci.Donec.nibh@sedleoCras.co.uk","Estes","61"
"1134","Xandra","101","15","convallis.erat@turpis.co.uk","Wise","23"
"95","Akeem","110","209","orci.Donec.nibh@sedleoCras.co.uk","Estes","61"
"110","Blaine","110","313","et.netus@nislQuisquefringilla.co.uk","Beard","31"
"110","Blaine","110","513","et.netus@nislQuisquefringilla.co.uk","Beard","31"
"110","Blaine","110","413","et.netus@nislQuisquefringilla.co.uk","Beard","31"
"110","Blaine","110","213","et.netus@nislQuisquefringilla.co.uk","Beard","31"
"25","Akeem","110","316","orci.Donec.nibh@sedleoCras.co.uk","Estes","61"
"110","Blaine","110","113","et.netus@nislQuisquefringilla.co.uk","Beard","31"
"25","Akeem","110","516","orci.Donec.nibh@sedleoCras.co.uk","Estes","61"
"2128","Wendy","103","16","nisi.sem.semper@nibhenim.co.uk","Owens","34"
"25","Akeem","110","416","orci.Donec.nibh@sedleoCras.co.uk","Estes","61"
"55","Linus","110","520","erat@vulputateduinec.co.uk","Adams","74"
"25","Akeem","110","116","orci.Donec.nibh@sedleoCras.co.uk","Estes","61"
"55","Linus","110","320","erat@vulputateduinec.co.uk","Adams","74"
"25","Akeem","110","216","orci.Donec.nibh@sedleoCras.co.uk","Estes","61"
"55","Linus","110","420","erat@vulputateduinec.co.uk","Adams","74"
"344","Mufutau","104","26","purus.Maecenas.libero@mollisduiin.co.uk","Gross","52"
"55","Linus","110","220","erat@vulputateduinec.co.uk","Adams","74"
"427","Zenaida","105","29","gravida@Integerinmagna.co.uk","Navarro","33"
"20","Cameron","110","422","in.faucibus.orci@gravidamolestiearcu.co.uk","Lambert","49"
"2081","Mufutau","101","35","purus.Maecenas.libero@mollisduiin.co.uk","Gross","52"
"20","Cameron","110","222","in.faucibus.orci@gravidamolestiearcu.co.uk","Lambert","49"
"55","Linus","110","120","erat@vulputateduinec.co.uk","Adams","74"
"20","Cameron","110","322","in.faucibus.orci@gravidamolestiearcu.co.uk","Lambert","49"
"20","Cameron","110","522","in.faucibus.orci@gravidamolestiearcu.co.uk","Lambert","49"
"20","Cameron","110","122","in.faucibus.orci@gravidamolestiearcu.co.uk","Lambert","49"
"1924","Blaine","102","39","et.netus@nislQuisquefringilla.co.uk","Beard","31"
"90","Zenaida","110","330","gravida@Integerinmagna.co.uk","Navarro","33"
"90","Zenaida","110","230","gravida@Integerinmagna.co.uk","Navarro","33"
"90","Zenaida","110","530","gravida@Integerinmagna.co.uk","Navarro","33"
"90","Zenaida","110","130","gravida@Integerinmagna.co.uk","Navarro","33"
"90","Zenaida","110","430","gravida@Integerinmagna.co.uk","Navarro","33"
"85","Blaine","110","231","et.netus@nislQuisquefringilla.co.uk","Beard","31"
"85","Blaine","110","331","et.netus@nislQuisquefringilla.co.uk","Beard","31"
"85","Blaine","110","531","et.netus@nislQuisquefringilla.co.uk","Beard","31"
"85","Blaine","110","131","et.netus@nislQuisquefringilla.co.uk","Beard","31"
"120","Deanna","110","333","In@metusVivamuseuismod.co.uk","Noble","77"
"85","Blaine","110","431","et.netus@nislQuisquefringilla.co.uk","Beard","31"
"901","Deanna","102","49","In@metusVivamuseuismod.co.uk","Noble","77"
"120","Deanna","110","533","In@metusVivamuseuismod.co.uk","Noble","77"
"120","Deanna","110","233","In@metusVivamuseuismod.co.uk","Noble","77"
"1562","Akeem","101","58","orci.Donec.nibh@sedleoCras.co.uk","Estes","61"
"120","Deanna","110","433","In@metusVivamuseuismod.co.uk","Noble","77"
"80","Xandra","110","241","convallis.erat@turpis.co.uk","Wise","23"
"120","Deanna","110","133","In@metusVivamuseuismod.co.uk","Noble","77"
"80","Xandra","110","341","convallis.erat@turpis.co.uk","Wise","23"
"80","Xandra","110","441","convallis.erat@turpis.co.uk","Wise","23"
"80","Xandra","110","541","convallis.erat@turpis.co.uk","Wise","23"
"80","Xandra","110","141","convallis.erat@turpis.co.uk","Wise","23"
"1745","Cameron","105","62","in.faucibus.orci@gravidamolestiearcu.co.uk","Lambert","49"
"45","Patrick","110","344","lorem.ipsum@interdumCurabitur.co.uk","Dean","79"
"45","Patrick","110","544","lorem.ipsum@interdumCurabitur.co.uk","Dean","79"
"45","Patrick","110","144","lorem.ipsum@interdumCurabitur.co.uk","Dean","79"
"45","Patrick","110","244","lorem.ipsum@interdumCurabitur.co.uk","Dean","79"
"45","Patrick","110","444","lorem.ipsum@interdumCurabitur.co.uk","Dean","79"
"1156","Patrick","103","67","lorem.ipsum@interdumCurabitur.co.uk","Dean","79"
"120","Lydia","110","346","vulputate@SeddictumProin.co.uk","Hendrix","70"
"120","Lydia","110","246","vulputate@SeddictumProin.co.uk","Hendrix","70"
"120","Lydia","110","546","vulputate@SeddictumProin.co.uk","Hendrix","70"
"120","Lydia","110","446","vulputate@SeddictumProin.co.uk","Hendrix","70"
"1384","Lydia","102","70","vulputate@SeddictumProin.co.uk","Hendrix","70"
"40","Mechelle","110","249","aliquet.diam@quamvelsapien.co.uk","Mccray","39"
"120","Lydia","110","146","vulputate@SeddictumProin.co.uk","Hendrix","70"
"40","Mechelle","110","349","aliquet.diam@quamvelsapien.co.uk","Mccray","39"
"1642","Zenaida","100","71","gravida@Integerinmagna.co.uk","Navarro","33"
"40","Mechelle","110","549","aliquet.diam@quamvelsapien.co.uk","Mccray","39"
"40","Mechelle","110","449","aliquet.diam@quamvelsapien.co.uk","Mccray","39"
"40","Mechelle","110","149","aliquet.diam@quamvelsapien.co.uk","Mccray","39"
"823","Wendy","104","74","nisi.sem.semper@nibhenim.co.uk","Owens","34"
"1937","Mufutau","104","75","purus.Maecenas.libero@mollisduiin.co.uk","Gross","52"
"15","Linus","110","370","erat@vulputateduinec.co.uk","Adams","74"
"15","Linus","110","570","erat@vulputateduinec.co.uk","Adams","74"
"15","Linus","110","270","erat@vulputateduinec.co.uk","Adams","74"
"20","Wendy","110","382","nisi.sem.semper@nibhenim.co.uk","Owens","34"
"15","Linus","110","470","erat@vulputateduinec.co.uk","Adams","74"
"15","Linus","110","170","erat@vulputateduinec.co.uk","Adams","74"
"20","Wendy","110","582","nisi.sem.semper@nibhenim.co.uk","Owens","34"
"20","Wendy","110","482","nisi.sem.semper@nibhenim.co.uk","Owens","34"
"20","Wendy","110","182","nisi.sem.semper@nibhenim.co.uk","Owens","34"
"1959","Mufutau","100","76","purus.Maecenas.libero@mollisduiin.co.uk","Gross","52"
"120","Mufutau","110","484","purus.Maecenas.libero@mollisduiin.co.uk","Gross","52"
"20","Wendy","110","282","nisi.sem.semper@nibhenim.co.uk","Owens","34"
"120","Mufutau","110","384","purus.Maecenas.libero@mollisduiin.co.uk","Gross","52"
"120","Mufutau","110","584","purus.Maecenas.libero@mollisduiin.co.uk","Gross","52"
"2000","Zenaida","105","77","gravida@Integerinmagna.co.uk","Navarro","33"
"120","Mufutau","110","284","purus.Maecenas.libero@mollisduiin.co.uk","Gross","52"
"45","Xandra","110","486","convallis.erat@turpis.co.uk","Wise","23"
"681","Mufutau","100","79","purus.Maecenas.libero@mollisduiin.co.uk","Gross","52"
"120","Mufutau","110","184","purus.Maecenas.libero@mollisduiin.co.uk","Gross","52"
"45","Xandra","110","386","convallis.erat@turpis.co.uk","Wise","23"
"45","Xandra","110","586","convallis.erat@turpis.co.uk","Wise","23"
"45","Xandra","110","286","convallis.erat@turpis.co.uk","Wise","23"
"45","Xandra","110","186","convallis.erat@turpis.co.uk","Wise","23"
"30","Lydia","110","493","vulputate@SeddictumProin.co.uk","Hendrix","70"
"30","Lydia","110","593","vulputate@SeddictumProin.co.uk","Hendrix","70"
"30","Lydia","110","393","vulputate@SeddictumProin.co.uk","Hendrix","70"
"699","Deanna","105","82","In@metusVivamuseuismod.co.uk","Noble","77"
"30","Lydia","110","293","vulputate@SeddictumProin.co.uk","Hendrix","70"
"30","Lydia","110","193","vulputate@SeddictumProin.co.uk","Hendrix","70"
"80","Wendy","110","495","nisi.sem.semper@nibhenim.co.uk","Owens","34"
"868","Akeem","105","85","orci.Donec.nibh@sedleoCras.co.uk","Estes","61"
"80","Wendy","110","595","nisi.sem.semper@nibhenim.co.uk","Owens","34"
"80","Wendy","110","395","nisi.sem.semper@nibhenim.co.uk","Owens","34"
"80","Wendy","110","195","nisi.sem.semper@nibhenim.co.uk","Owens","34"
"80","Wendy","110","295","nisi.sem.semper@nibhenim.co.uk","Owens","34"
"85","Mechelle","110","497","aliquet.diam@quamvelsapien.co.uk","Mccray","39"
"85","Mechelle","110","397","aliquet.diam@quamvelsapien.co.uk","Mccray","39"
"85","Mechelle","110","597","aliquet.diam@quamvelsapien.co.uk","Mccray","39"
"2395","Deanna","101","86","In@metusVivamuseuismod.co.uk","Noble","77"
"85","Mechelle","110","197","aliquet.diam@quamvelsapien.co.uk","Mccray","39"
"779","Akeem","101","89","orci.Donec.nibh@sedleoCras.co.uk","Estes","61"
"25","Wendy","110","598","nisi.sem.semper@nibhenim.co.uk","Owens","34"
"25","Wendy","110","498","nisi.sem.semper@nibhenim.co.uk","Owens","34"
"25","Wendy","110","398","nisi.sem.semper@nibhenim.co.uk","Owens","34"
"85","Mechelle","110","297","aliquet.diam@quamvelsapien.co.uk","Mccray","39"
"25","Wendy","110","298","nisi.sem.semper@nibhenim.co.uk","Owens","34"
"1141","Akeem","105","91","orci.Donec.nibh@sedleoCras.co.uk","Estes","61"
"25","Wendy","110","198","nisi.sem.semper@nibhenim.co.uk","Owens","34"
"2113","Ross","105","98","habitant@quamvel.co.uk","Reid","55"
"903","Zenaida","102","1","gravida@Integerinmagna.co.uk","Navarro","33"
"1393","Patrick","101","9","lorem.ipsum@interdumCurabitur.co.uk","Dean","79"
"1989","Mechelle","101","12","aliquet.diam@quamvelsapien.co.uk","Mccray","39"
"1134","Xandra","101","15","convallis.erat@turpis.co.uk","Wise","23"
"2128","Wendy","103","16","nisi.sem.semper@nibhenim.co.uk","Owens","34"
"344","Mufutau","104","26","purus.Maecenas.libero@mollisduiin.co.uk","Gross","52"
"427","Zenaida","105","29","gravida@Integerinmagna.co.uk","Navarro","33"
"2081","Mufutau","101","35","purus.Maecenas.libero@mollisduiin.co.uk","Gross","52"
"1924","Blaine","102","39","et.netus@nislQuisquefringilla.co.uk","Beard","31"
"901","Deanna","102","49","In@metusVivamuseuismod.co.uk","Noble","77"
"95","Patrick","110","203","lorem.ipsum@interdumCurabitur.co.uk","Dean","79"
"95","Akeem","110","209","orci.Donec.nibh@sedleoCras.co.uk","Estes","61"
"95","Patrick","110","103","lorem.ipsum@interdumCurabitur.co.uk","Dean","79"
"110","Blaine","110","213","et.netus@nislQuisquefringilla.co.uk","Beard","31"
"1562","Akeem","101","58","orci.Donec.nibh@sedleoCras.co.uk","Estes","61"
"95","Patrick","110","503","lorem.ipsum@interdumCurabitur.co.uk","Dean","79"
"25","Akeem","110","216","orci.Donec.nibh@sedleoCras.co.uk","Estes","61"
"95","Akeem","110","109","orci.Donec.nibh@sedleoCras.co.uk","Estes","61"
"95","Patrick","110","403","lorem.ipsum@interdumCurabitur.co.uk","Dean","79"
"95","Akeem","110","509","orci.Donec.nibh@sedleoCras.co.uk","Estes","61"
"1745","Cameron","105","62","in.faucibus.orci@gravidamolestiearcu.co.uk","Lambert","49"
"95","Akeem","110","409","orci.Donec.nibh@sedleoCras.co.uk","Estes","61"
"110","Blaine","110","513","et.netus@nislQuisquefringilla.co.uk","Beard","31"
"55","Linus","110","220","erat@vulputateduinec.co.uk","Adams","74"
"110","Blaine","110","113","et.netus@nislQuisquefringilla.co.uk","Beard","31"
"25","Akeem","110","516","orci.Donec.nibh@sedleoCras.co.uk","Estes","61"
"110","Blaine","110","413","et.netus@nislQuisquefringilla.co.uk","Beard","31"
"25","Akeem","110","116","orci.Donec.nibh@sedleoCras.co.uk","Estes","61"
"55","Linus","110","520","erat@vulputateduinec.co.uk","Adams","74"
"25","Akeem","110","416","orci.Donec.nibh@sedleoCras.co.uk","Estes","61"
"55","Linus","110","120","erat@vulputateduinec.co.uk","Adams","74"
"20","Cameron","110","522","in.faucibus.orci@gravidamolestiearcu.co.uk","Lambert","49"
"20","Cameron","110","122","in.faucibus.orci@gravidamolestiearcu.co.uk","Lambert","49"
"1156","Patrick","103","67","lorem.ipsum@interdumCurabitur.co.uk","Dean","79"
"20","Cameron","110","222","in.faucibus.orci@gravidamolestiearcu.co.uk","Lambert","49"
"55","Linus","110","420","erat@vulputateduinec.co.uk","Adams","74"
"95","Patrick","110","303","lorem.ipsum@interdumCurabitur.co.uk","Dean","79"
"90","Zenaida","110","530","gravida@Integerinmagna.co.uk","Navarro","33"
"90","Zenaida","110","130","gravida@Integerinmagna.co.uk","Navarro","33"
"20","Cameron","110","422","in.faucibus.orci@gravidamolestiearcu.co.uk","Lambert","49"
"85","Blaine","110","531","et.netus@nislQuisquefringilla.co.uk","Beard","31"
"90","Zenaida","110","430","gravida@Integerinmagna.co.uk","Navarro","33"
"95","Patrick","110","603","lorem.ipsum@interdumCurabitur.co.uk","Dean","79"
"85","Blaine","110","131","et.netus@nislQuisquefringilla.co.uk","Beard","31"
"90","Zenaida","110","230","gravida@Integerinmagna.co.uk","Navarro","33"
"95","Akeem","110","609","orci.Donec.nibh@sedleoCras.co.uk","Estes","61"
"85","Blaine","110","231","et.netus@nislQuisquefringilla.co.uk","Beard","31"
"110","Blaine","110","613","et.netus@nislQuisquefringilla.co.uk","Beard","31"
"120","Deanna","110","233","In@metusVivamuseuismod.co.uk","Noble","77"
"25","Akeem","110","616","orci.Donec.nibh@sedleoCras.co.uk","Estes","61"
"120","Deanna","110","533","In@metusVivamuseuismod.co.uk","Noble","77"
"80","Xandra","110","241","convallis.erat@turpis.co.uk","Wise","23"
"95","Akeem","110","309","orci.Donec.nibh@sedleoCras.co.uk","Estes","61"
"45","Patrick","110","244","lorem.ipsum@interdumCurabitur.co.uk","Dean","79"
"110","Blaine","110","313","et.netus@nislQuisquefringilla.co.uk","Beard","31"
"80","Xandra","110","541","convallis.erat@turpis.co.uk","Wise","23"
"120","Lydia","110","246","vulputate@SeddictumProin.co.uk","Hendrix","70"
"25","Akeem","110","316","orci.Donec.nibh@sedleoCras.co.uk","Estes","61"
"45","Patrick","110","544","lorem.ipsum@interdumCurabitur.co.uk","Dean","79"
"55","Linus","110","320","erat@vulputateduinec.co.uk","Adams","74"
"120","Lydia","110","546","vulputate@SeddictumProin.co.uk","Hendrix","70"
"1384","Lydia","102","70","vulputate@SeddictumProin.co.uk","Hendrix","70"
"20","Cameron","110","322","in.faucibus.orci@gravidamolestiearcu.co.uk","Lambert","49"
"1642","Zenaida","100","71","gravida@Integerinmagna.co.uk","Navarro","33"
"55","Linus","110","620","erat@vulputateduinec.co.uk","Adams","74"
"90","Zenaida","110","330","gravida@Integerinmagna.co.uk","Navarro","33"
"823","Wendy","104","74","nisi.sem.semper@nibhenim.co.uk","Owens","34"
"20","Cameron","110","622","in.faucibus.orci@gravidamolestiearcu.co.uk","Lambert","49"
"85","Blaine","110","331","et.netus@nislQuisquefringilla.co.uk","Beard","31"
"90","Zenaida","110","630","gravida@Integerinmagna.co.uk","Navarro","33"
"120","Deanna","110","333","In@metusVivamuseuismod.co.uk","Noble","77"
"1937","Mufutau","104","75","purus.Maecenas.libero@mollisduiin.co.uk","Gross","52"
"40","Mechelle","110","249","aliquet.diam@quamvelsapien.co.uk","Mccray","39"
"40","Mechelle","110","549","aliquet.diam@quamvelsapien.co.uk","Mccray","39"
"1959","Mufutau","100","76","purus.Maecenas.libero@mollisduiin.co.uk","Gross","52"
"80","Xandra","110","341","convallis.erat@turpis.co.uk","Wise","23"
"85","Blaine","110","631","et.netus@nislQuisquefringilla.co.uk","Beard","31"
"2000","Zenaida","105","77","gravida@Integerinmagna.co.uk","Navarro","33"
"15","Linus","110","270","erat@vulputateduinec.co.uk","Adams","74"
"15","Linus","110","570","erat@vulputateduinec.co.uk","Adams","74"
"681","Mufutau","100","79","purus.Maecenas.libero@mollisduiin.co.uk","Gross","52"
"120","Deanna","110","633","In@metusVivamuseuismod.co.uk","Noble","77"
"45","Patrick","110","344","lorem.ipsum@interdumCurabitur.co.uk","Dean","79"
"20","Wendy","110","582","nisi.sem.semper@nibhenim.co.uk","Owens","34"
"20","Wendy","110","282","nisi.sem.semper@nibhenim.co.uk","Owens","34"
"699","Deanna","105","82","In@metusVivamuseuismod.co.uk","Noble","77"
"80","Xandra","110","641","convallis.erat@turpis.co.uk","Wise","23"
"120","Lydia","110","346","vulputate@SeddictumProin.co.uk","Hendrix","70"
"120","Deanna","110","133","In@metusVivamuseuismod.co.uk","Noble","77"
"120","Mufutau","110","584","purus.Maecenas.libero@mollisduiin.co.uk","Gross","52"
"120","Mufutau","110","284","purus.Maecenas.libero@mollisduiin.co.uk","Gross","52"
"85","Blaine","110","431","et.netus@nislQuisquefringilla.co.uk","Beard","31"
"45","Patrick","110","644","lorem.ipsum@interdumCurabitur.co.uk","Dean","79"
"40","Mechelle","110","349","aliquet.diam@quamvelsapien.co.uk","Mccray","39"
"80","Xandra","110","141","convallis.erat@turpis.co.uk","Wise","23"
"45","Xandra","110","586","convallis.erat@turpis.co.uk","Wise","23"
"120","Deanna","110","433","In@metusVivamuseuismod.co.uk","Noble","77"
"120","Lydia","110","646","vulputate@SeddictumProin.co.uk","Hendrix","70"
"45","Patrick","110","144","lorem.ipsum@interdumCurabitur.co.uk","Dean","79"
"45","Xandra","110","286","convallis.erat@turpis.co.uk","Wise","23"
"80","Xandra","110","441","convallis.erat@turpis.co.uk","Wise","23"
"868","Akeem","105","85","orci.Donec.nibh@sedleoCras.co.uk","Estes","61"
"15","Linus","110","370","erat@vulputateduinec.co.uk","Adams","74"
"120","Lydia","110","146","vulputate@SeddictumProin.co.uk","Hendrix","70"
"40","Mechelle","110","649","aliquet.diam@quamvelsapien.co.uk","Mccray","39"
"30","Lydia","110","293","vulputate@SeddictumProin.co.uk","Hendrix","70"
"45","Patrick","110","444","lorem.ipsum@interdumCurabitur.co.uk","Dean","79"
"30","Lydia","110","593","vulputate@SeddictumProin.co.uk","Hendrix","70"
"2395","Deanna","101","86","In@metusVivamuseuismod.co.uk","Noble","77"
"20","Wendy","110","382","nisi.sem.semper@nibhenim.co.uk","Owens","34"
"40","Mechelle","110","149","aliquet.diam@quamvelsapien.co.uk","Mccray","39"
"15","Linus","110","670","erat@vulputateduinec.co.uk","Adams","74"
"80","Wendy","110","295","nisi.sem.semper@nibhenim.co.uk","Owens","34"
"120","Lydia","110","446","vulputate@SeddictumProin.co.uk","Hendrix","70"
"80","Wendy","110","595","nisi.sem.semper@nibhenim.co.uk","Owens","34"
"20","Wendy","110","682","nisi.sem.semper@nibhenim.co.uk","Owens","34"
"15","Linus","110","170","erat@vulputateduinec.co.uk","Adams","74"
"85","Mechelle","110","297","aliquet.diam@quamvelsapien.co.uk","Mccray","39"
"40","Mechelle","110","449","aliquet.diam@quamvelsapien.co.uk","Mccray","39"
"120","Mufutau","110","684","purus.Maecenas.libero@mollisduiin.co.uk","Gross","52"
"25","Wendy","110","298","nisi.sem.semper@nibhenim.co.uk","Owens","34"
"20","Wendy","110","182","nisi.sem.semper@nibhenim.co.uk","Owens","34"
"45","Xandra","110","686","convallis.erat@turpis.co.uk","Wise","23"
"120","Mufutau","110","184","purus.Maecenas.libero@mollisduiin.co.uk","Gross","52"
"85","Mechelle","110","597","aliquet.diam@quamvelsapien.co.uk","Mccray","39"
"15","Linus","110","470","erat@vulputateduinec.co.uk","Adams","74"
"30","Lydia","110","693","vulputate@SeddictumProin.co.uk","Hendrix","70"
"45","Xandra","110","186","convallis.erat@turpis.co.uk","Wise","23"
"25","Wendy","110","598","nisi.sem.semper@nibhenim.co.uk","Owens","34"
"80","Wendy","110","695","nisi.sem.semper@nibhenim.co.uk","Owens","34"
"30","Lydia","110","193","vulputate@SeddictumProin.co.uk","Hendrix","70"
"779","Akeem","101","89","orci.Donec.nibh@sedleoCras.co.uk","Estes","61"
"85","Mechelle","110","697","aliquet.diam@quamvelsapien.co.uk","Mccray","39"
"20","Wendy","110","482","nisi.sem.semper@nibhenim.co.uk","Owens","34"
"120","Mufutau","110","384","purus.Maecenas.libero@mollisduiin.co.uk","Gross","52"
"80","Wendy","110","195","nisi.sem.semper@nibhenim.co.uk","Owens","34"
"1141","Akeem","105","91","orci.Donec.nibh@sedleoCras.co.uk","Estes","61"
"25","Wendy","110","698","nisi.sem.semper@nibhenim.co.uk","Owens","34"
"120","Mufutau","110","484","purus.Maecenas.libero@mollisduiin.co.uk","Gross","52"
"45","Xandra","110","386","convallis.erat@turpis.co.uk","Wise","23"
"2113","Ross","105","98","habitant@quamvel.co.uk","Reid","55"
"45","Xandra","110","486","convallis.erat@turpis.co.uk","Wise","23"
"30","Lydia","110","393","vulputate@SeddictumProin.co.uk","Hendrix","70"
"80","Wendy","110","395","nisi.sem.semper@nibhenim.co.uk","Owens","34"
"30","Lydia","110","493","vulputate@SeddictumProin.co.uk","Hendrix","70"
"85","Mechelle","110","197","aliquet.diam@quamvelsapien.co.uk","Mccray","39"
"80","Wendy","110","495","nisi.sem.semper@nibhenim.co.uk","Owens","34"
"25","Wendy","110","198","nisi.sem.semper@nibhenim.co.uk","Owens","34"
"85","Mechelle","110","497","aliquet.diam@quamvelsapien.co.uk","Mccray","39"
"25","Wendy","110","498","nisi.sem.semper@nibhenim.co.uk","Owens","34"
"85","Mechelle","110","397","aliquet.diam@quamvelsapien.co.uk","Mccray","39"
"25","Wendy","110","398","nisi.sem.semper@nibhenim.co.uk","Owens","34"
"95","Patrick","110","203","lorem.ipsum@interdumCurabitur.co.uk","Dean","79"
"903","Zenaida","102","1","gravida@Integerinmagna.co.uk","Navarro","33"
"95","Patrick","110","503","lorem.ipsum@interdumCurabitur.co.uk","Dean","79"
"95","Patrick","110","603","lorem.ipsum@interdumCurabitur.co.uk","Dean","79"
"1393","Patrick","101","9","lorem.ipsum@interdumCurabitur.co.uk","Dean","79"
"95","Patrick","110","103","lorem.ipsum@interdumCurabitur.co.uk","Dean","79"
"95","Patrick","110","303","lorem.ipsum@interdumCurabitur.co.uk","Dean","79"
"95","Akeem","110","609","orci.Donec.nibh@sedleoCras.co.uk","Estes","61"
"95","Patrick","110","403","lorem.ipsum@interdumCurabitur.co.uk","Dean","79"
"95","Akeem","110","109","orci.Donec.nibh@sedleoCras.co.uk","Estes","61"
"95","Akeem","110","209","orci.Donec.nibh@sedleoCras.co.uk","Estes","61"
"1989","Mechelle","101","12","aliquet.diam@quamvelsapien.co.uk","Mccray","39"
"95","Akeem","110","309","orci.Donec.nibh@sedleoCras.co.uk","Estes","61"
"110","Blaine","110","213","et.netus@nislQuisquefringilla.co.uk","Beard","31"
"110","Blaine","110","113","et.netus@nislQuisquefringilla.co.uk","Beard","31"
"110","Blaine","110","613","et.netus@nislQuisquefringilla.co.uk","Beard","31"
"25","Akeem","110","216","orci.Donec.nibh@sedleoCras.co.uk","Estes","61"
"25","Akeem","110","616","orci.Donec.nibh@sedleoCras.co.uk","Estes","61"
"55","Linus","110","220","erat@vulputateduinec.co.uk","Adams","74"
"25","Akeem","110","116","orci.Donec.nibh@sedleoCras.co.uk","Estes","61"
"95","Akeem","110","509","orci.Donec.nibh@sedleoCras.co.uk","Estes","61"
"110","Blaine","110","313","et.netus@nislQuisquefringilla.co.uk","Beard","31"
"95","Akeem","110","409","orci.Donec.nibh@sedleoCras.co.uk","Estes","61"
"1134","Xandra","101","15","convallis.erat@turpis.co.uk","Wise","23"
"55","Linus","110","120","erat@vulputateduinec.co.uk","Adams","74"
"2128","Wendy","103","16","nisi.sem.semper@nibhenim.co.uk","Owens","34"
"110","Blaine","110","513","et.netus@nislQuisquefringilla.co.uk","Beard","31"
"25","Akeem","110","316","orci.Donec.nibh@sedleoCras.co.uk","Estes","61"
"110","Blaine","110","413","et.netus@nislQuisquefringilla.co.uk","Beard","31"
"55","Linus","110","620","erat@vulputateduinec.co.uk","Adams","74"
"20","Cameron","110","222","in.faucibus.orci@gravidamolestiearcu.co.uk","Lambert","49"
"25","Akeem","110","516","orci.Donec.nibh@sedleoCras.co.uk","Estes","61"
"55","Linus","110","320","erat@vulputateduinec.co.uk","Adams","74"
"20","Cameron","110","622","in.faucibus.orci@gravidamolestiearcu.co.uk","Lambert","49"
"344","Mufutau","104","26","purus.Maecenas.libero@mollisduiin.co.uk","Gross","52"
"20","Cameron","110","122","in.faucibus.orci@gravidamolestiearcu.co.uk","Lambert","49"
"25","Akeem","110","416","orci.Donec.nibh@sedleoCras.co.uk","Estes","61"
"55","Linus","110","520","erat@vulputateduinec.co.uk","Adams","74"
"20","Cameron","110","322","in.faucibus.orci@gravidamolestiearcu.co.uk","Lambert","49"
"55","Linus","110","420","erat@vulputateduinec.co.uk","Adams","74"
"90","Zenaida","110","230","gravida@Integerinmagna.co.uk","Navarro","33"
"427","Zenaida","105","29","gravida@Integerinmagna.co.uk","Navarro","33"
"90","Zenaida","110","130","gravida@Integerinmagna.co.uk","Navarro","33"
"90","Zenaida","110","630","gravida@Integerinmagna.co.uk","Navarro","33"
"85","Blaine","110","231","et.netus@nislQuisquefringilla.co.uk","Beard","31"
"20","Cameron","110","422","in.faucibus.orci@gravidamolestiearcu.co.uk","Lambert","49"
"20","Cameron","110","522","in.faucibus.orci@gravidamolestiearcu.co.uk","Lambert","49"
"2081","Mufutau","101","35","purus.Maecenas.libero@mollisduiin.co.uk","Gross","52"
"85","Blaine","110","131","et.netus@nislQuisquefringilla.co.uk","Beard","31"
"90","Zenaida","110","330","gravida@Integerinmagna.co.uk","Navarro","33"
"1924","Blaine","102","39","et.netus@nislQuisquefringilla.co.uk","Beard","31"
"120","Deanna","110","233","In@metusVivamuseuismod.co.uk","Noble","77"
"85","Blaine","110","631","et.netus@nislQuisquefringilla.co.uk","Beard","31"
"90","Zenaida","110","530","gravida@Integerinmagna.co.uk","Navarro","33"
"90","Zenaida","110","430","gravida@Integerinmagna.co.uk","Navarro","33"
"120","Deanna","110","133","In@metusVivamuseuismod.co.uk","Noble","77"
"120","Deanna","110","633","In@metusVivamuseuismod.co.uk","Noble","77"
"85","Blaine","110","331","et.netus@nislQuisquefringilla.co.uk","Beard","31"
"85","Blaine","110","431","et.netus@nislQuisquefringilla.co.uk","Beard","31"
"80","Xandra","110","241","convallis.erat@turpis.co.uk","Wise","23"
"85","Blaine","110","531","et.netus@nislQuisquefringilla.co.uk","Beard","31"
"80","Xandra","110","641","convallis.erat@turpis.co.uk","Wise","23"
"80","Xandra","110","141","convallis.erat@turpis.co.uk","Wise","23"
"120","Deanna","110","333","In@metusVivamuseuismod.co.uk","Noble","77"
"901","Deanna","102","49","In@metusVivamuseuismod.co.uk","Noble","77"
"120","Deanna","110","533","In@metusVivamuseuismod.co.uk","Noble","77"
"45","Patrick","110","144","lorem.ipsum@interdumCurabitur.co.uk","Dean","79"
"1562","Akeem","101","58","orci.Donec.nibh@sedleoCras.co.uk","Estes","61"
"120","Deanna","110","433","In@metusVivamuseuismod.co.uk","Noble","77"
"45","Patrick","110","244","lorem.ipsum@interdumCurabitur.co.uk","Dean","79"
"45","Patrick","110","644","lorem.ipsum@interdumCurabitur.co.uk","Dean","79"
"80","Xandra","110","441","convallis.erat@turpis.co.uk","Wise","23"
"80","Xandra","110","341","convallis.erat@turpis.co.uk","Wise","23"
"80","Xandra","110","541","convallis.erat@turpis.co.uk","Wise","23"
"120","Lydia","110","146","vulputate@SeddictumProin.co.uk","Hendrix","70"
"1745","Cameron","105","62","in.faucibus.orci@gravidamolestiearcu.co.uk","Lambert","49"
"120","Lydia","110","246","vulputate@SeddictumProin.co.uk","Hendrix","70"
"45","Patrick","110","544","lorem.ipsum@interdumCurabitur.co.uk","Dean","79"
"40","Mechelle","110","149","aliquet.diam@quamvelsapien.co.uk","Mccray","39"
"1156","Patrick","103","67","lorem.ipsum@interdumCurabitur.co.uk","Dean","79"
"120","Lydia","110","646","vulputate@SeddictumProin.co.uk","Hendrix","70"
"45","Patrick","110","344","lorem.ipsum@interdumCurabitur.co.uk","Dean","79"
"45","Patrick","110","444","lorem.ipsum@interdumCurabitur.co.uk","Dean","79"
"40","Mechelle","110","249","aliquet.diam@quamvelsapien.co.uk","Mccray","39"
"40","Mechelle","110","649","aliquet.diam@quamvelsapien.co.uk","Mccray","39"
"1384","Lydia","102","70","vulputate@SeddictumProin.co.uk","Hendrix","70"
"120","Lydia","110","346","vulputate@SeddictumProin.co.uk","Hendrix","70"
"120","Lydia","110","546","vulputate@SeddictumProin.co.uk","Hendrix","70"
"120","Lydia","110","446","vulputate@SeddictumProin.co.uk","Hendrix","70"
"15","Linus","110","170","erat@vulputateduinec.co.uk","Adams","74"
"1642","Zenaida","100","71","gravida@Integerinmagna.co.uk","Navarro","33"
"15","Linus","110","270","erat@vulputateduinec.co.uk","Adams","74"
"40","Mechelle","110","549","aliquet.diam@quamvelsapien.co.uk","Mccray","39"
"40","Mechelle","110","349","aliquet.diam@quamvelsapien.co.uk","Mccray","39"
"20","Wendy","110","182","nisi.sem.semper@nibhenim.co.uk","Owens","34"
"15","Linus","110","670","erat@vulputateduinec.co.uk","Adams","74"
"40","Mechelle","110","449","aliquet.diam@quamvelsapien.co.uk","Mccray","39"
"20","Wendy","110","682","nisi.sem.semper@nibhenim.co.uk","Owens","34"
"20","Wendy","110","282","nisi.sem.semper@nibhenim.co.uk","Owens","34"
"823","Wendy","104","74","nisi.sem.semper@nibhenim.co.uk","Owens","34"
"120","Mufutau","110","184","purus.Maecenas.libero@mollisduiin.co.uk","Gross","52"
"15","Linus","110","370","erat@vulputateduinec.co.uk","Adams","74"
"15","Linus","110","470","erat@vulputateduinec.co.uk","Adams","74"
"15","Linus","110","570","erat@vulputateduinec.co.uk","Adams","74"
"120","Mufutau","110","284","purus.Maecenas.libero@mollisduiin.co.uk","Gross","52"
"45","Xandra","110","186","convallis.erat@turpis.co.uk","Wise","23"
"20","Wendy","110","382","nisi.sem.semper@nibhenim.co.uk","Owens","34"
"120","Mufutau","110","684","purus.Maecenas.libero@mollisduiin.co.uk","Gross","52"
"1937","Mufutau","104","75","purus.Maecenas.libero@mollisduiin.co.uk","Gross","52"
"20","Wendy","110","582","nisi.sem.semper@nibhenim.co.uk","Owens","34"
"20","Wendy","110","482","nisi.sem.semper@nibhenim.co.uk","Owens","34"
"120","Mufutau","110","384","purus.Maecenas.libero@mollisduiin.co.uk","Gross","52"
"45","Xandra","110","686","convallis.erat@turpis.co.uk","Wise","23"
"45","Xandra","110","286","convallis.erat@turpis.co.uk","Wise","23"
"1959","Mufutau","100","76","purus.Maecenas.libero@mollisduiin.co.uk","Gross","52"
"30","Lydia","110","193","vulputate@SeddictumProin.co.uk","Hendrix","70"
"120","Mufutau","110","584","purus.Maecenas.libero@mollisduiin.co.uk","Gross","52"
"30","Lydia","110","293","vulputate@SeddictumProin.co.uk","Hendrix","70"
"45","Xandra","110","586","convallis.erat@turpis.co.uk","Wise","23"
"120","Mufutau","110","484","purus.Maecenas.libero@mollisduiin.co.uk","Gross","52"
"45","Xandra","110","386","convallis.erat@turpis.co.uk","Wise","23"
"2000","Zenaida","105","77","gravida@Integerinmagna.co.uk","Navarro","33"
"80","Wendy","110","195","nisi.sem.semper@nibhenim.co.uk","Owens","34"
"30","Lydia","110","693","vulputate@SeddictumProin.co.uk","Hendrix","70"
"45","Xandra","110","486","convallis.erat@turpis.co.uk","Wise","23"
"85","Mechelle","110","197","aliquet.diam@quamvelsapien.co.uk","Mccray","39"
"80","Wendy","110","295","nisi.sem.semper@nibhenim.co.uk","Owens","34"
"681","Mufutau","100","79","purus.Maecenas.libero@mollisduiin.co.uk","Gross","52"
"30","Lydia","110","393","vulputate@SeddictumProin.co.uk","Hendrix","70"
"80","Wendy","110","695","nisi.sem.semper@nibhenim.co.uk","Owens","34"
"30","Lydia","110","593","vulputate@SeddictumProin.co.uk","Hendrix","70"
"85","Mechelle","110","297","aliquet.diam@quamvelsapien.co.uk","Mccray","39"
"30","Lydia","110","493","vulputate@SeddictumProin.co.uk","Hendrix","70"
"25","Wendy","110","198","nisi.sem.semper@nibhenim.co.uk","Owens","34"
"80","Wendy","110","395","nisi.sem.semper@nibhenim.co.uk","Owens","34"
"699","Deanna","105","82","In@metusVivamuseuismod.co.uk","Noble","77"
"80","Wendy","110","595","nisi.sem.semper@nibhenim.co.uk","Owens","34"
"85","Mechelle","110","697","aliquet.diam@quamvelsapien.co.uk","Mccray","39"
"25","Wendy","110","298","nisi.sem.semper@nibhenim.co.uk","Owens","34"
"80","Wendy","110","495","nisi.sem.semper@nibhenim.co.uk","Owens","34"
"868","Akeem","105","85","orci.Donec.nibh@sedleoCras.co.uk","Estes","61"
"85","Mechelle","110","597","aliquet.diam@quamvelsapien.co.uk","Mccray","39"
"85","Mechelle","110","397","aliquet.diam@quamvelsapien.co.uk","Mccray","39"
"25","Wendy","110","698","nisi.sem.semper@nibhenim.co.uk","Owens","34"
"85","Mechelle","110","497","aliquet.diam@quamvelsapien.co.uk","Mccray","39"
"25","Wendy","110","398","nisi.sem.semper@nibhenim.co.uk","Owens","34"
"2395","Deanna","101","86","In@metusVivamuseuismod.co.uk","Noble","77"
"25","Wendy","110","598","nisi.sem.semper@nibhenim.co.uk","Owens","34"
"25","Wendy","110","498","nisi.sem.semper@nibhenim.co.uk","Owens","34"
"779","Akeem","101","89","orci.Donec.nibh@sedleoCras.co.uk","Estes","61"
"1141","Akeem","105","91","orci.Donec.nibh@sedleoCras.co.uk","Estes","61"
"2113","Ross","105","98","habitant@quamvel.co.uk","Reid","55"
"95","Patrick","110","103","lorem.ipsum@interdumCurabitur.co.uk","Dean","79"
"95","Patrick","110","403","lorem.ipsum@interdumCurabitur.co.uk","Dean","79"
"95","Patrick","110","303","lorem.ipsum@interdumCurabitur.co.uk","Dean","79"
"95","Patrick","110","503","lorem.ipsum@interdumCurabitur.co.uk","Dean","79"
"95","Akeem","110","409","orci.Donec.nibh@sedleoCras.co.uk","Estes","61"
"903","Zenaida","102","1","gravida@Integerinmagna.co.uk","Navarro","33"
"95","Akeem","110","109","orci.Donec.nibh@sedleoCras.co.uk","Estes","61"
"110","Blaine","110","413","et.netus@nislQuisquefringilla.co.uk","Beard","31"
"95","Akeem","110","509","orci.Donec.nibh@sedleoCras.co.uk","Estes","61"
"1393","Patrick","101","9","lorem.ipsum@interdumCurabitur.co.uk","Dean","79"
"95","Patrick","110","603","lorem.ipsum@interdumCurabitur.co.uk","Dean","79"
"95","Patrick","110","203","lorem.ipsum@interdumCurabitur.co.uk","Dean","79"
"110","Blaine","110","113","et.netus@nislQuisquefringilla.co.uk","Beard","31"
"110","Blaine","110","513","et.netus@nislQuisquefringilla.co.uk","Beard","31"
"1989","Mechelle","101","12","aliquet.diam@quamvelsapien.co.uk","Mccray","39"
"95","Akeem","110","209","orci.Donec.nibh@sedleoCras.co.uk","Estes","61"
"25","Akeem","110","116","orci.Donec.nibh@sedleoCras.co.uk","Estes","61"
"25","Akeem","110","516","orci.Donec.nibh@sedleoCras.co.uk","Estes","61"
"110","Blaine","110","213","et.netus@nislQuisquefringilla.co.uk","Beard","31"
"1134","Xandra","101","15","convallis.erat@turpis.co.uk","Wise","23"
"55","Linus","110","120","erat@vulputateduinec.co.uk","Adams","74"
"2128","Wendy","103","16","nisi.sem.semper@nibhenim.co.uk","Owens","34"
"25","Akeem","110","216","orci.Donec.nibh@sedleoCras.co.uk","Estes","61"
"95","Akeem","110","309","orci.Donec.nibh@sedleoCras.co.uk","Estes","61"
"344","Mufutau","104","26","purus.Maecenas.libero@mollisduiin.co.uk","Gross","52"
"95","Akeem","110","609","orci.Donec.nibh@sedleoCras.co.uk","Estes","61"
"25","Akeem","110","416","orci.Donec.nibh@sedleoCras.co.uk","Estes","61"
"110","Blaine","110","313","et.netus@nislQuisquefringilla.co.uk","Beard","31"
"55","Linus","110","220","erat@vulputateduinec.co.uk","Adams","74"
"55","Linus","110","520","erat@vulputateduinec.co.uk","Adams","74"
"20","Cameron","110","122","in.faucibus.orci@gravidamolestiearcu.co.uk","Lambert","49"
"110","Blaine","110","613","et.netus@nislQuisquefringilla.co.uk","Beard","31"
"55","Linus","110","420","erat@vulputateduinec.co.uk","Adams","74"
"25","Akeem","110","316","orci.Donec.nibh@sedleoCras.co.uk","Estes","61"
"20","Cameron","110","522","in.faucibus.orci@gravidamolestiearcu.co.uk","Lambert","49"
"20","Cameron","110","222","in.faucibus.orci@gravidamolestiearcu.co.uk","Lambert","49"
"20","Cameron","110","422","in.faucibus.orci@gravidamolestiearcu.co.uk","Lambert","49"
"55","Linus","110","320","erat@vulputateduinec.co.uk","Adams","74"
"90","Zenaida","110","530","gravida@Integerinmagna.co.uk","Navarro","33"
"25","Akeem","110","616","orci.Donec.nibh@sedleoCras.co.uk","Estes","61"
"90","Zenaida","110","430","gravida@Integerinmagna.co.uk","Navarro","33"
"85","Blaine","110","531","et.netus@nislQuisquefringilla.co.uk","Beard","31"
"85","Blaine","110","431","et.netus@nislQuisquefringilla.co.uk","Beard","31"
"55","Linus","110","620","erat@vulputateduinec.co.uk","Adams","74"
"90","Zenaida","110","230","gravida@Integerinmagna.co.uk","Navarro","33"
"120","Deanna","110","533","In@metusVivamuseuismod.co.uk","Noble","77"
"20","Cameron","110","322","in.faucibus.orci@gravidamolestiearcu.co.uk","Lambert","49"
"120","Deanna","110","433","In@metusVivamuseuismod.co.uk","Noble","77"
"20","Cameron","110","622","in.faucibus.orci@gravidamolestiearcu.co.uk","Lambert","49"
"85","Blaine","110","231","et.netus@nislQuisquefringilla.co.uk","Beard","31"
"80","Xandra","110","441","convallis.erat@turpis.co.uk","Wise","23"
"90","Zenaida","110","330","gravida@Integerinmagna.co.uk","Navarro","33"
"120","Deanna","110","233","In@metusVivamuseuismod.co.uk","Noble","77"
"45","Patrick","110","444","lorem.ipsum@interdumCurabitur.co.uk","Dean","79"
"90","Zenaida","110","630","gravida@Integerinmagna.co.uk","Navarro","33"
"85","Blaine","110","331","et.netus@nislQuisquefringilla.co.uk","Beard","31"
"120","Lydia","110","446","vulputate@SeddictumProin.co.uk","Hendrix","70"
"120","Deanna","110","333","In@metusVivamuseuismod.co.uk","Noble","77"
"40","Mechelle","110","449","aliquet.diam@quamvelsapien.co.uk","Mccray","39"
"90","Zenaida","110","130","gravida@Integerinmagna.co.uk","Navarro","33"
"80","Xandra","110","341","convallis.erat@turpis.co.uk","Wise","23"
"85","Blaine","110","131","et.netus@nislQuisquefringilla.co.uk","Beard","31"
"45","Patrick","110","344","lorem.ipsum@interdumCurabitur.co.uk","Dean","79"
"120","Deanna","110","133","In@metusVivamuseuismod.co.uk","Noble","77"
"427","Zenaida","105","29","gravida@Integerinmagna.co.uk","Navarro","33"
"85","Blaine","110","631","et.netus@nislQuisquefringilla.co.uk","Beard","31"
"80","Xandra","110","541","convallis.erat@turpis.co.uk","Wise","23"
"80","Xandra","110","241","convallis.erat@turpis.co.uk","Wise","23"
"2081","Mufutau","101","35","purus.Maecenas.libero@mollisduiin.co.uk","Gross","52"
"80","Xandra","110","141","convallis.erat@turpis.co.uk","Wise","23"
"120","Deanna","110","633","In@metusVivamuseuismod.co.uk","Noble","77"
"45","Patrick","110","144","lorem.ipsum@interdumCurabitur.co.uk","Dean","79"
"1924","Blaine","102","39","et.netus@nislQuisquefringilla.co.uk","Beard","31"
"45","Patrick","110","244","lorem.ipsum@interdumCurabitur.co.uk","Dean","79"
"120","Lydia","110","146","vulputate@SeddictumProin.co.uk","Hendrix","70"
"901","Deanna","102","49","In@metusVivamuseuismod.co.uk","Noble","77"
"120","Lydia","110","246","vulputate@SeddictumProin.co.uk","Hendrix","70"
"80","Xandra","110","641","convallis.erat@turpis.co.uk","Wise","23"
"40","Mechelle","110","249","aliquet.diam@quamvelsapien.co.uk","Mccray","39"
"1562","Akeem","101","58","orci.Donec.nibh@sedleoCras.co.uk","Estes","61"
"45","Patrick","110","644","lorem.ipsum@interdumCurabitur.co.uk","Dean","79"
"45","Patrick","110","544","lorem.ipsum@interdumCurabitur.co.uk","Dean","79"
"120","Lydia","110","346","vulputate@SeddictumProin.co.uk","Hendrix","70"
"120","Lydia","110","546","vulputate@SeddictumProin.co.uk","Hendrix","70"
"40","Mechelle","110","349","aliquet.diam@quamvelsapien.co.uk","Mccray","39"
"40","Mechelle","110","149","aliquet.diam@quamvelsapien.co.uk","Mccray","39"
"1745","Cameron","105","62","in.faucibus.orci@gravidamolestiearcu.co.uk","Lambert","49"
"40","Mechelle","110","549","aliquet.diam@quamvelsapien.co.uk","Mccray","39"
"15","Linus","110","470","erat@vulputateduinec.co.uk","Adams","74"
"120","Lydia","110","646","vulputate@SeddictumProin.co.uk","Hendrix","70"
"1156","Patrick","103","67","lorem.ipsum@interdumCurabitur.co.uk","Dean","79"
"40","Mechelle","110","649","aliquet.diam@quamvelsapien.co.uk","Mccray","39"
"1384","Lydia","102","70","vulputate@SeddictumProin.co.uk","Hendrix","70"
"15","Linus","110","170","erat@vulputateduinec.co.uk","Adams","74"
"15","Linus","110","570","erat@vulputateduinec.co.uk","Adams","74"
"15","Linus","110","270","erat@vulputateduinec.co.uk","Adams","74"
"20","Wendy","110","482","nisi.sem.semper@nibhenim.co.uk","Owens","34"
"15","Linus","110","370","erat@vulputateduinec.co.uk","Adams","74"
"120","Mufutau","110","484","purus.Maecenas.libero@mollisduiin.co.uk","Gross","52"
"20","Wendy","110","282","nisi.sem.semper@nibhenim.co.uk","Owens","34"
"20","Wendy","110","382","nisi.sem.semper@nibhenim.co.uk","Owens","34"
"20","Wendy","110","582","nisi.sem.semper@nibhenim.co.uk","Owens","34"
"45","Xandra","110","486","convallis.erat@turpis.co.uk","Wise","23"
"120","Mufutau","110","384","purus.Maecenas.libero@mollisduiin.co.uk","Gross","52"
"20","Wendy","110","182","nisi.sem.semper@nibhenim.co.uk","Owens","34"
"120","Mufutau","110","584","purus.Maecenas.libero@mollisduiin.co.uk","Gross","52"
"30","Lydia","110","493","vulputate@SeddictumProin.co.uk","Hendrix","70"
"1642","Zenaida","100","71","gravida@Integerinmagna.co.uk","Navarro","33"
"120","Mufutau","110","184","purus.Maecenas.libero@mollisduiin.co.uk","Gross","52"
"45","Xandra","110","586","convallis.erat@turpis.co.uk","Wise","23"
"15","Linus","110","670","erat@vulputateduinec.co.uk","Adams","74"
"120","Mufutau","110","284","purus.Maecenas.libero@mollisduiin.co.uk","Gross","52"
"45","Xandra","110","386","convallis.erat@turpis.co.uk","Wise","23"
"823","Wendy","104","74","nisi.sem.semper@nibhenim.co.uk","Owens","34"
"45","Xandra","110","186","convallis.erat@turpis.co.uk","Wise","23"
"30","Lydia","110","593","vulputate@SeddictumProin.co.uk","Hendrix","70"
"20","Wendy","110","682","nisi.sem.semper@nibhenim.co.uk","Owens","34"
"45","Xandra","110","286","convallis.erat@turpis.co.uk","Wise","23"
"1937","Mufutau","104","75","purus.Maecenas.libero@mollisduiin.co.uk","Gross","52"
"30","Lydia","110","193","vulputate@SeddictumProin.co.uk","Hendrix","70"
"80","Wendy","110","595","nisi.sem.semper@nibhenim.co.uk","Owens","34"
"120","Mufutau","110","684","purus.Maecenas.libero@mollisduiin.co.uk","Gross","52"
"1959","Mufutau","100","76","purus.Maecenas.libero@mollisduiin.co.uk","Gross","52"
"80","Wendy","110","195","nisi.sem.semper@nibhenim.co.uk","Owens","34"
"85","Mechelle","110","597","aliquet.diam@quamvelsapien.co.uk","Mccray","39"
"45","Xandra","110","686","convallis.erat@turpis.co.uk","Wise","23"
"2000","Zenaida","105","77","gravida@Integerinmagna.co.uk","Navarro","33"
"85","Mechelle","110","197","aliquet.diam@quamvelsapien.co.uk","Mccray","39"
"25","Wendy","110","598","nisi.sem.semper@nibhenim.co.uk","Owens","34"
"25","Wendy","110","198","nisi.sem.semper@nibhenim.co.uk","Owens","34"
"30","Lydia","110","693","vulputate@SeddictumProin.co.uk","Hendrix","70"
"30","Lydia","110","293","vulputate@SeddictumProin.co.uk","Hendrix","70"
"30","Lydia","110","393","vulputate@SeddictumProin.co.uk","Hendrix","70"
"80","Wendy","110","695","nisi.sem.semper@nibhenim.co.uk","Owens","34"
"80","Wendy","110","295","nisi.sem.semper@nibhenim.co.uk","Owens","34"
"85","Mechelle","110","697","aliquet.diam@quamvelsapien.co.uk","Mccray","39"
"85","Mechelle","110","297","aliquet.diam@quamvelsapien.co.uk","Mccray","39"
"80","Wendy","110","395","nisi.sem.semper@nibhenim.co.uk","Owens","34"
"80","Wendy","110","495","nisi.sem.semper@nibhenim.co.uk","Owens","34"
"85","Mechelle","110","397","aliquet.diam@quamvelsapien.co.uk","Mccray","39"
"85","Mechelle","110","497","aliquet.diam@quamvelsapien.co.uk","Mccray","39"
"25","Wendy","110","398","nisi.sem.semper@nibhenim.co.uk","Owens","34"
"681","Mufutau","100","79","purus.Maecenas.libero@mollisduiin.co.uk","Gross","52"
"25","Wendy","110","698","nisi.sem.semper@nibhenim.co.uk","Owens","34"
"25","Wendy","110","498","nisi.sem.semper@nibhenim.co.uk","Owens","34"
"699","Deanna","105","82","In@metusVivamuseuismod.co.uk","Noble","77"
"25","Wendy","110","298","nisi.sem.semper@nibhenim.co.uk","Owens","34"
"868","Akeem","105","85","orci.Donec.nibh@sedleoCras.co.uk","Estes","61"
"2395","Deanna","101","86","In@metusVivamuseuismod.co.uk","Noble","77"
"779","Akeem","101","89","orci.Donec.nibh@sedleoCras.co.uk","Estes","61"
"1141","Akeem","105","91","orci.Donec.nibh@sedleoCras.co.uk","Estes","61"
"2113","Ross","105","98","habitant@quamvel.co.uk","Reid","55"
"95","Patrick","110","503","lorem.ipsum@interdumCurabitur.co.uk","Dean","79"
"95","Patrick","110","603","lorem.ipsum@interdumCurabitur.co.uk","Dean","79"
"95","Patrick","110","203","lorem.ipsum@interdumCurabitur.co.uk","Dean","79"
"95","Patrick","110","403","lorem.ipsum@interdumCurabitur.co.uk","Dean","79"
"903","Zenaida","102","1","gravida@Integerinmagna.co.uk","Navarro","33"
"95","Patrick","110","103","lorem.ipsum@interdumCurabitur.co.uk","Dean","79"
"95","Patrick","110","303","lorem.ipsum@interdumCurabitur.co.uk","Dean","79"
"95","Akeem","110","409","orci.Donec.nibh@sedleoCras.co.uk","Estes","61"
"95","Akeem","110","209","orci.Donec.nibh@sedleoCras.co.uk","Estes","61"
"95","Akeem","110","509","orci.Donec.nibh@sedleoCras.co.uk","Estes","61"
"110","Blaine","110","513","et.netus@nislQuisquefringilla.co.uk","Beard","31"
"110","Blaine","110","213","et.netus@nislQuisquefringilla.co.uk","Beard","31"
"25","Akeem","110","216","orci.Donec.nibh@sedleoCras.co.uk","Estes","61"
"1393","Patrick","101","9","lorem.ipsum@interdumCurabitur.co.uk","Dean","79"
"25","Akeem","110","516","orci.Donec.nibh@sedleoCras.co.uk","Estes","61"
"1989","Mechelle","101","12","aliquet.diam@quamvelsapien.co.uk","Mccray","39"
"55","Linus","110","220","erat@vulputateduinec.co.uk","Adams","74"
"20","Cameron","110","222","in.faucibus.orci@gravidamolestiearcu.co.uk","Lambert","49"
"95","Akeem","110","109","orci.Donec.nibh@sedleoCras.co.uk","Estes","61"
"110","Blaine","110","113","et.netus@nislQuisquefringilla.co.uk","Beard","31"
"95","Akeem","110","609","orci.Donec.nibh@sedleoCras.co.uk","Estes","61"
"1134","Xandra","101","15","convallis.erat@turpis.co.uk","Wise","23"
"55","Linus","110","520","erat@vulputateduinec.co.uk","Adams","74"
"25","Akeem","110","116","orci.Donec.nibh@sedleoCras.co.uk","Estes","61"
"110","Blaine","110","613","et.netus@nislQuisquefringilla.co.uk","Beard","31"
"20","Cameron","110","522","in.faucibus.orci@gravidamolestiearcu.co.uk","Lambert","49"
"25","Akeem","110","616","orci.Donec.nibh@sedleoCras.co.uk","Estes","61"
"110","Blaine","110","413","et.netus@nislQuisquefringilla.co.uk","Beard","31"
"55","Linus","110","120","erat@vulputateduinec.co.uk","Adams","74"
"90","Zenaida","110","530","gravida@Integerinmagna.co.uk","Navarro","33"
"55","Linus","110","620","erat@vulputateduinec.co.uk","Adams","74"
"2128","Wendy","103","16","nisi.sem.semper@nibhenim.co.uk","Owens","34"
"90","Zenaida","110","230","gravida@Integerinmagna.co.uk","Navarro","33"
"95","Akeem","110","309","orci.Donec.nibh@sedleoCras.co.uk","Estes","61"
"25","Akeem","110","416","orci.Donec.nibh@sedleoCras.co.uk","Estes","61"
"344","Mufutau","104","26","purus.Maecenas.libero@mollisduiin.co.uk","Gross","52"
"85","Blaine","110","231","et.netus@nislQuisquefringilla.co.uk","Beard","31"
"110","Blaine","110","313","et.netus@nislQuisquefringilla.co.uk","Beard","31"
"55","Linus","110","420","erat@vulputateduinec.co.uk","Adams","74"
"120","Deanna","110","233","In@metusVivamuseuismod.co.uk","Noble","77"
"25","Akeem","110","316","orci.Donec.nibh@sedleoCras.co.uk","Estes","61"
"20","Cameron","110","422","in.faucibus.orci@gravidamolestiearcu.co.uk","Lambert","49"
"20","Cameron","110","122","in.faucibus.orci@gravidamolestiearcu.co.uk","Lambert","49"
"55","Linus","110","320","erat@vulputateduinec.co.uk","Adams","74"
"20","Cameron","110","622","in.faucibus.orci@gravidamolestiearcu.co.uk","Lambert","49"
"90","Zenaida","110","430","gravida@Integerinmagna.co.uk","Navarro","33"
"427","Zenaida","105","29","gravida@Integerinmagna.co.uk","Navarro","33"
"85","Blaine","110","531","et.netus@nislQuisquefringilla.co.uk","Beard","31"
"90","Zenaida","110","630","gravida@Integerinmagna.co.uk","Navarro","33"
"120","Deanna","110","533","In@metusVivamuseuismod.co.uk","Noble","77"
"80","Xandra","110","241","convallis.erat@turpis.co.uk","Wise","23"
"85","Blaine","110","631","et.netus@nislQuisquefringilla.co.uk","Beard","31"
"90","Zenaida","110","130","gravida@Integerinmagna.co.uk","Navarro","33"
"2081","Mufutau","101","35","purus.Maecenas.libero@mollisduiin.co.uk","Gross","52"
"20","Cameron","110","322","in.faucibus.orci@gravidamolestiearcu.co.uk","Lambert","49"
"80","Xandra","110","541","convallis.erat@turpis.co.uk","Wise","23"
"85","Blaine","110","431","et.netus@nislQuisquefringilla.co.uk","Beard","31"
"45","Patrick","110","244","lorem.ipsum@interdumCurabitur.co.uk","Dean","79"
"85","Blaine","110","131","et.netus@nislQuisquefringilla.co.uk","Beard","31"
"1924","Blaine","102","39","et.netus@nislQuisquefringilla.co.uk","Beard","31"
"120","Deanna","110","433","In@metusVivamuseuismod.co.uk","Noble","77"
"120","Deanna","110","633","In@metusVivamuseuismod.co.uk","Noble","77"
"120","Deanna","110","133","In@metusVivamuseuismod.co.uk","Noble","77"
"90","Zenaida","110","330","gravida@Integerinmagna.co.uk","Navarro","33"
"45","Patrick","110","544","lorem.ipsum@interdumCurabitur.co.uk","Dean","79"
"120","Lydia","110","246","vulputate@SeddictumProin.co.uk","Hendrix","70"
"85","Blaine","110","331","et.netus@nislQuisquefringilla.co.uk","Beard","31"
"80","Xandra","110","641","convallis.erat@turpis.co.uk","Wise","23"
"901","Deanna","102","49","In@metusVivamuseuismod.co.uk","Noble","77"
"120","Lydia","110","546","vulputate@SeddictumProin.co.uk","Hendrix","70"
"40","Mechelle","110","249","aliquet.diam@quamvelsapien.co.uk","Mccray","39"
"80","Xandra","110","441","convallis.erat@turpis.co.uk","Wise","23"
"80","Xandra","110","141","convallis.erat@turpis.co.uk","Wise","23"
"15","Linus","110","270","erat@vulputateduinec.co.uk","Adams","74"
"1562","Akeem","101","58","orci.Donec.nibh@sedleoCras.co.uk","Estes","61"
"45","Patrick","110","444","lorem.ipsum@interdumCurabitur.co.uk","Dean","79"
"45","Patrick","110","644","lorem.ipsum@interdumCurabitur.co.uk","Dean","79"
"1745","Cameron","105","62","in.faucibus.orci@gravidamolestiearcu.co.uk","Lambert","49"
"120","Deanna","110","333","In@metusVivamuseuismod.co.uk","Noble","77"
"40","Mechelle","110","549","aliquet.diam@quamvelsapien.co.uk","Mccray","39"
"120","Lydia","110","646","vulputate@SeddictumProin.co.uk","Hendrix","70"
"15","Linus","110","570","erat@vulputateduinec.co.uk","Adams","74"
"45","Patrick","110","144","lorem.ipsum@interdumCurabitur.co.uk","Dean","79"
"40","Mechelle","110","649","aliquet.diam@quamvelsapien.co.uk","Mccray","39"
"80","Xandra","110","341","convallis.erat@turpis.co.uk","Wise","23"
"20","Wendy","110","582","nisi.sem.semper@nibhenim.co.uk","Owens","34"
"120","Lydia","110","146","vulputate@SeddictumProin.co.uk","Hendrix","70"
"20","Wendy","110","282","nisi.sem.semper@nibhenim.co.uk","Owens","34"
"120","Lydia","110","446","vulputate@SeddictumProin.co.uk","Hendrix","70"
"1156","Patrick","103","67","lorem.ipsum@interdumCurabitur.co.uk","Dean","79"
"45","Patrick","110","344","lorem.ipsum@interdumCurabitur.co.uk","Dean","79"
"15","Linus","110","670","erat@vulputateduinec.co.uk","Adams","74"
"120","Mufutau","110","284","purus.Maecenas.libero@mollisduiin.co.uk","Gross","52"
"40","Mechelle","110","449","aliquet.diam@quamvelsapien.co.uk","Mccray","39"
"40","Mechelle","110","149","aliquet.diam@quamvelsapien.co.uk","Mccray","39"
"1384","Lydia","102","70","vulputate@SeddictumProin.co.uk","Hendrix","70"
"120","Lydia","110","346","vulputate@SeddictumProin.co.uk","Hendrix","70"
"20","Wendy","110","682","nisi.sem.semper@nibhenim.co.uk","Owens","34"
"120","Mufutau","110","584","purus.Maecenas.libero@mollisduiin.co.uk","Gross","52"
"15","Linus","110","470","erat@vulputateduinec.co.uk","Adams","74"
"40","Mechelle","110","349","aliquet.diam@quamvelsapien.co.uk","Mccray","39"
"120","Mufutau","110","684","purus.Maecenas.libero@mollisduiin.co.uk","Gross","52"
"45","Xandra","110","286","convallis.erat@turpis.co.uk","Wise","23"
"1642","Zenaida","100","71","gravida@Integerinmagna.co.uk","Navarro","33"
"45","Xandra","110","586","convallis.erat@turpis.co.uk","Wise","23"
"15","Linus","110","170","erat@vulputateduinec.co.uk","Adams","74"
"20","Wendy","110","482","nisi.sem.semper@nibhenim.co.uk","Owens","34"
"30","Lydia","110","293","vulputate@SeddictumProin.co.uk","Hendrix","70"
"823","Wendy","104","74","nisi.sem.semper@nibhenim.co.uk","Owens","34"
"20","Wendy","110","182","nisi.sem.semper@nibhenim.co.uk","Owens","34"
"45","Xandra","110","686","convallis.erat@turpis.co.uk","Wise","23"
"120","Mufutau","110","484","purus.Maecenas.libero@mollisduiin.co.uk","Gross","52"
"15","Linus","110","370","erat@vulputateduinec.co.uk","Adams","74"
"30","Lydia","110","593","vulputate@SeddictumProin.co.uk","Hendrix","70"
"80","Wendy","110","295","nisi.sem.semper@nibhenim.co.uk","Owens","34"
"120","Mufutau","110","184","purus.Maecenas.libero@mollisduiin.co.uk","Gross","52"
"80","Wendy","110","595","nisi.sem.semper@nibhenim.co.uk","Owens","34"
"20","Wendy","110","382","nisi.sem.semper@nibhenim.co.uk","Owens","34"
"1937","Mufutau","104","75","purus.Maecenas.libero@mollisduiin.co.uk","Gross","52"
"30","Lydia","110","693","vulputate@SeddictumProin.co.uk","Hendrix","70"
"85","Mechelle","110","297","aliquet.diam@quamvelsapien.co.uk","Mccray","39"
"1959","Mufutau","100","76","purus.Maecenas.libero@mollisduiin.co.uk","Gross","52"
"45","Xandra","110","486","convallis.erat@turpis.co.uk","Wise","23"
"80","Wendy","110","695","nisi.sem.semper@nibhenim.co.uk","Owens","34"
"45","Xandra","110","186","convallis.erat@turpis.co.uk","Wise","23"
"2000","Zenaida","105","77","gravida@Integerinmagna.co.uk","Navarro","33"
"25","Wendy","110","298","nisi.sem.semper@nibhenim.co.uk","Owens","34"
"120","Mufutau","110","384","purus.Maecenas.libero@mollisduiin.co.uk","Gross","52"
"85","Mechelle","110","697","aliquet.diam@quamvelsapien.co.uk","Mccray","39"
"85","Mechelle","110","597","aliquet.diam@quamvelsapien.co.uk","Mccray","39"
"30","Lydia","110","493","vulputate@SeddictumProin.co.uk","Hendrix","70"
"681","Mufutau","100","79","purus.Maecenas.libero@mollisduiin.co.uk","Gross","52"
"45","Xandra","110","386","convallis.erat@turpis.co.uk","Wise","23"
"30","Lydia","110","193","vulputate@SeddictumProin.co.uk","Hendrix","70"
"80","Wendy","110","495","nisi.sem.semper@nibhenim.co.uk","Owens","34"
"25","Wendy","110","598","nisi.sem.semper@nibhenim.co.uk","Owens","34"
"80","Wendy","110","195","nisi.sem.semper@nibhenim.co.uk","Owens","34"
"85","Mechelle","110","497","aliquet.diam@quamvelsapien.co.uk","Mccray","39"
"699","Deanna","105","82","In@metusVivamuseuismod.co.uk","Noble","77"
"25","Wendy","110","698","nisi.sem.semper@nibhenim.co.uk","Owens","34"
"30","Lydia","110","393","vulputate@SeddictumProin.co.uk","Hendrix","70"
"80","Wendy","110","395","nisi.sem.semper@nibhenim.co.uk","Owens","34"
"85","Mechelle","110","397","aliquet.diam@quamvelsapien.co.uk","Mccray","39"
"868","Akeem","105","85","orci.Donec.nibh@sedleoCras.co.uk","Estes","61"
"85","Mechelle","110","197","aliquet.diam@quamvelsapien.co.uk","Mccray","39"
"25","Wendy","110","498","nisi.sem.semper@nibhenim.co.uk","Owens","34"
"2395","Deanna","101","86","In@metusVivamuseuismod.co.uk","Noble","77"
"25","Wendy","110","198","nisi.sem.semper@nibhenim.co.uk","Owens","34"
"25","Wendy","110","398","nisi.sem.semper@nibhenim.co.uk","Owens","34"
"779","Akeem","101","89","orci.Donec.nibh@sedleoCras.co.uk","Estes","61"
"1141","Akeem","105","91","orci.Donec.nibh@sedleoCras.co.uk","Estes","61"
"2113","Ross","105","98","habitant@quamvel.co.uk","Reid","55"
